Amitriptilina,ABCB1,rs3789243,ACTGCTTCAGTTCCAACAACGACGC[C/T]CCATAAATTACATGAGTACCTTAGT,no hay informacion relacionada
Amitriptilina,ABCB1,rs11983225,TTTAGTCCATCACTCTATAATTTAG[C/T]CCAGCACATCTCCTCTACCCTGGAA,Metabolizador ultrarràpidosæ
Amitriptilina,ABCB1,rs20177207,ACTGCTTCAGTTCCAACAACGACGC[C/T]CCATAAATTACATGAGTACCTTAGT,dependiendo del haplotipo es metabolizador ultrarapido
Amitriptilina,ABCB1,rs28371189,TTTAGTCCATCACTCTATAATTTAG[C/T]CCAGCACATCTCCTCTACCCTGGAA,eficiente metabolizador rapido
Amitriptilina,ABCB1,rs36565171,ACTGCTTCAGTTCCAACAACGACGC[C/T]CCATAAATTACATGAGTACCTTAGT,eficiente metabolizador rapido 
Amitriptilina,ABCB1,rs44759153,TTTAGTCCATCACTCTATAATTTAG[C/T]CCAGCACATCTCCTCTACCCTGGAA,Dependiendo del otro alelo tiene menos posibilidad de entrar en remisiÑn  con esta droga que el genotipo ancestral
Amitriptilina,ABCB1,rs52953135,ACTGCTTCAGTTCCAACAACGACGC[C/T]CCATAAATTACATGAGTACCTTAGT,Dependiendo del haplotipo 
Amitriptilina,ABCB1,rs61147117,TTTAGTCCATCACTCTATAATTTAG[C/T]CCAGCACATCTCCTCTACCCTGGAA,Dependiendo del otro alelo tiene menos posibilidad de entrar en remisiÑn  con esta droga que el genotipo ancestral 
Amitriptilina,ABCB1,rs69341099,ACTGCTTCAGTTCCAACAACGACGC[C/T]CCATAAATTACATGAGTACCTTAGT,Dependiendo del haplotipo tiene buenas probabilidades de entrar en remisiÑn con esta droga
Amitriptilina,ABCB1,rs77535081,TTTAGTCCATCACTCTATAATTTAG[C/T]CCAGCACATCTCCTCTACCCTGGAA,Dependiendo del haplotipo tiene buenas probabilidades de entrar en remisiÑn con esta droga pero hay inconsistencias entre la secuencia (que revis_ y està bien) y lo que reporta la pàgina como el cambio
Amitriptilina,CYP2C19,rs4986893,ACATCAGGATTGTAAGCACCCCCTG[A/G]ATCCAGGTAAGGCCAAGTTTTTTGC,Metabolizador pobre mayor probabilidad de efectos secundarios por las concentraciones altas en plasma
Amitriptilina,CYP2C19,rs12248560,AAATTTGTGTCTTCTGTTCTCAAAG[A/C/T]ATCTCTGATGTAAGAGATAATGCGC,Metabolismo acelerado (metabolizador ultraràpido) ajustar dosis o considerar otra alternativa
Amitriptilina,CYP2C19,rs11188072,AATGGGCAACGGGTCTGAACAGACA[C/T]CTCACCAAGAAGACATACAGATACC,Metabolismo acelerado niveles bajos en plasma ajustar dosis o considerar otra alternativa
Amitriptilina,CYP2D6,rs16947,GAGAACAGGTCAGCCACCACTATGC[A/G]CAGGTTCTCATCATTGAAGCTGCTC,Metabolizador extensivo dosis normal
Amitriptilina,CYP2D6,rs28371706,GCCGACCGCCCGCCTGTGCCCATCA[C/T]CCAGATCCTGGGYTTYGGGCCGCGT,Metabolizador pobre evidencia insuficiente para calcular la dosis considerar otra alternativa
Amitriptilina,CYP2D6,rs28371725,GGAAACAGTGCAGGGGCCGAGGGAG[A/G]AAGGGTACAGGCGGGGGCCCATGAA,Metabolizador intermedio
Amitriptilina,CYP2D6,rs3892097,CCCTTACCCGCATCTCCCACCCCCA[A/G]GACGCCCCTTTCGCCCCAACGGTCT,Metabolizador pobre
Amitriptilina,CYP2D6,rs4986774,GCTGGATGAGCTGCTAACTGAGCAC[-/A]GGATGACCTGGGACCCAGCCCAGCC,Metabolizador pobre
Aripiprazol,CYP2D6,rs16947,GAGAACAGGTCAGCCACCACTATGC[A/G]CAGGTTCTCATCATTGAAGCTGCTC,Metabolismo acelerado o ultraràpido
Aripiprazol,CYP2D6,rs28371706,GCCGACCGCCCGCCTGTGCCCATCA[C/T]CCAGATCCTGGGYTTYGGGCCGCGT,No funcional o con actividad sumamente baja
Aripiprazol,CYP2D6,rs28371725,GGAAACAGTGCAGGGGCCGAGGGAG[A/G]AAGGGTACAGGCGGGGGCCCATGAA,Metabolismo lento por actividad disminuida
Aripiprazol,CYP2D6,rs3892097,CCCTTACCCGCATCTCCCACCCCCA[A/G]GACGCCCCTTTCGCCCCAACGGTCT,No funcional o con actividad sumamente baja
Aripiprazol,CYP2D6,rs4986774,GCTGGATGAGCTGCTAACTGAGCAC[-/A]GGATGACCTGGGACCCAGCCCAGCC,Metabolismo lento por actividad disminuida
Atomoxetina,CYP2D6,rs16947,GAGAACAGGTCAGCCACCACTATGC[A/G]CAGGTTCTCATCATTGAAGCTGCTC,No puede ser usado para determinar la presencia de alguna variante en particular
Atomoxetina,CYP2D6,rs28371706,GCCGACCGCCCGCCTGTGCCCATCA[C/T]CCAGATCCTGGGYTTYGGGCCGCGT,Metabolizador super ràpido se puede reducir la eficiencia del farmaco
Atomoxetina,CYP2D6,rs28371725,GGAAACAGTGCAGGGGCCGAGGGAG[A/G]AAGGGTACAGGCGGGGGCCCATGAA,Hace decrecer la actividad
Atomoxetina,CYP2D6,rs3892097,CCCTTACCCGCATCTCCCACCCCCA[A/G]GACGCCCCTTTCGCCCCAACGGTCT,Aumento del riesgo de efectos secundarios tales como disminuciÑn del apetito temblor aumento en el pulso y diastÑlica
Atomoxetina,CYP2D6,rs4986774,GCTGGATGAGCTGCTAACTGAGCAC[-/A]GGATGACCTGGGACCCAGCCCAGCC,MutaciÑn parada prematura sin actividad de encimas
Carbamazepina,ABCB1,rs1045642,GCCGGGTGGTGTCACAGGAAGAGAT[A/C/T]GTGAGGGCAGCAAAGGAGGCCAACA, 
Carbamazepina,ABCB1,rs3789243,ACTGCTTCAGTTCCAACAACGACGC[C/T]CCATAAATTACATGAGTACCTTAGT, 
Carbamazepina,C6orf205 (marcador HLA-B1502),rs2844682,GATCATGACCATCTCTATGGCCAAT[C/T]CCTTGGAGACCTCAGAGAAGCCCAT, 
Carbamazepina,CYP3A4,rs2740574,GAGGACAGCCATAGAGACAAGGGCA[A/G]GAGAGAGGCGATTTAATAGATTTTA, 
Carbamazepina,CYP3A4,rs4986907,GATGTGTTGGTGAGAAATCTGAGGC[A/G]GGAAGCAGAGACAGGCAAGCCTGTC, 
Carbamazepina,CYP3A4,rs4986909,TGGACAGAGCCTGAGAAGTTCCTCC[C/T]TGAAAGGTACAAGGCCCCTGGGAAG, 
Carbamazepina,CYP3A4,rs4986910,AGTGGACCCAGAAACTGCATTGGCA[C/T]GAGGTTTGCTCTCATGAACATGAAA, 
Carbamazepina,CYP3A4,rs4987161,ATGGATGTGATCACTAGCACATCAT[C/T]TGGAGTGAACATYGACTCTCTCAAC, 
Carbamazepina,EPHX1,rs1051740,GAAGCAGGTGGAGATTCTCAACAGA[C/T]ACCCTCACTTCAAGACTAAGATTGA, 
Carbamazepina,EPHX1,rs2234922,AAGCCCCCCCAGCTGCCCGCAGGCC[A/G]TACCCCGAAGCCCTTGCTGATGGTG, 
Carbamazepina,HSPA1A,rs506770,GGCTCAAGGGCAAGATCAGCGAGGC[C/G]GACAAGAAGAAGGTGCTGGACAAGT, 
Carbamazepina,HSPA1L,rs2227956,AATGGTATTCTCAATGTCACAGCCA[C/T]GGACAAGAGCACCGGCAAGGTGAAC, 
Carbamazepina,SCN1A,rs3812718,AGCCTATCCTTTACTCTAATCACTT[C/T]TTACCTGGAATTACCGAAATAGTTT, 
Carbamazepina,SCN2A,rs2304016,GGCTGAAGTGTTTTACAGGATTTTA[A/G]TGATTCTTTCTATTCCTTTCTCTTT, 